Workbook

Sheet PinMap
A1: GPIO号 | B1: 复用功能 | C1: Mux Selection | D1: 本项目功能 | E1: PCB 网络名 | F1: 是否使用 | G1: Comment（备注） | H1: 管脚组 | I1: 封装标号 | J1: 序号
A2: GPIO152 | C2: =IFERROR( INDEX(Sheet1!$B$1:$N$1, MATCH(B2, INDEX(Sheet1!$B$2:$N$170, MATCH($A2,Sheet1!$A$2:$A$170,0), 0 ), 0 ) ), "" ) | D2: GPIO | E2: DSP_PWM1_~{FAULT} | F2: =IF(E2<>"","Yes","No") -> Yes | J2: =IFERROR(VALUE(SUBSTITUTE(SUBSTITUTE(A2,"GPIO",""),"号","")),"") -> 152
A3: GPIO40 | C3: =IFERROR( INDEX(Sheet1!$B$1:$N$1, MATCH(B3, INDEX(Sheet1!$B$2:$N$170, MATCH($A3,Sheet1!$A$2:$A$170,0), 0 ), 0 ) ), "" ) | D3: GPIO | E3: DSP_PWM1~{_ENABLE} | F3: =IF(E3<>"","Yes","No") -> Yes | J3: =IFERROR(VALUE(SUBSTITUTE(SUBSTITUTE(A3,"GPIO",""),"号","")),"") -> 40
A4: GPIO109 | C4: =IFERROR( INDEX(Sheet1!$B$1:$N$1, MATCH(B4, INDEX(Sheet1!$B$2:$N$170, MATCH($A4,Sheet1!$A$2:$A$170,0), 0 ), 0 ) ), "" ) | D4: GPIO | E4: DSP_PWM2_~{FAULT} | F4: =IF(E4<>"","Yes","No") -> Yes | J4: =IFERROR(VALUE(SUBSTITUTE(SUBSTITUTE(A4,"GPIO",""),"号","")),"") -> 109
A5: GPIO108 | C5: =IFERROR( INDEX(Sheet1!$B$1:$N$1, MATCH(B5, INDEX(Sheet1!$B$2:$N$170, MATCH($A5,Sheet1!$A$2:$A$170,0), 0 ), 0 ) ), "" ) | D5: GPIO | E5: DSP_PWM2~{_ENABLE} | F5: =IF(E5<>"","Yes","No") -> Yes | J5: =IFERROR(VALUE(SUBSTITUTE(SUBSTITUTE(A5,"GPIO",""),"号","")),"") -> 108
A6: GPIO125 | C6: =IFERROR( INDEX(Sheet1!$B$1:$N$1, MATCH(B6, INDEX(Sheet1!$B$2:$N$170, MATCH($A6,Sheet1!$A$2:$A$170,0), 0 ), 0 ) ), "" ) | D6: GPIO | E6: DSP_PWM3_~{FAULT} | F6: =IF(E6<>"","Yes","No") -> Yes | J6: =IFERROR(VALUE(SUBSTITUTE(SUBSTITUTE(A6,"GPIO",""),"号","")),"") -> 125
A7: GPIO95 | C7: =IFERROR( INDEX(Sheet1!$B$1:$N$1, MATCH(B7, INDEX(Sheet1!$B$2:$N$170, MATCH($A7,Sheet1!$A$2:$A$170,0), 0 ), 0 ) ), "" ) | D7: GPIO | E7: DSP_PWM3~{_ENABLE} | F7: =IF(E7<>"","Yes","No") -> Yes | J7: =IFERROR(VALUE(SUBSTITUTE(SUBSTITUTE(A7,"GPIO",""),"号","")),"") -> 95
A8: GPIO117 | C8: =IFERROR( INDEX(Sheet1!$B$1:$N$1, MATCH(B8, INDEX(Sheet1!$B$2:$N$170, MATCH($A8,Sheet1!$A$2:$A$170,0), 0 ), 0 ) ), "" ) | D8: GPIO | E8: DSP_PWM4_~{FAULT} | F8: =IF(E8<>"","Yes","No") -> Yes | J8: =IFERROR(VALUE(SUBSTITUTE(SUBSTITUTE(A8,"GPIO",""),"号","")),"") -> 117
A9: GPIO28 | C9: =IFERROR( INDEX(Sheet1!$B$1:$N$1, MATCH(B9, INDEX(Sheet1!$B$2:$N$170, MATCH($A9,Sheet1!$A$2:$A$170,0), 0 ), 0 ) ), "" ) | D9: GPIO | E9: DSP_PWM4~{_ENABLE} | F9: =IF(E9<>"","Yes","No") -> Yes | J9: =IFERROR(VALUE(SUBSTITUTE(SUBSTITUTE(A9,"GPIO",""),"号","")),"") -> 28
A10: GPIO18 | B10: EPWM10A | C10: =IFERROR( INDEX(Sheet1!$B$1:$N$1, MATCH(B10, INDEX(Sheet1!$B$2:$N$170, MATCH($A10,Sheet1!$A$2:$A$170,0), 0 ), 0 ) ), "" ) -> 5 | D10: PWM | E10: DSP-PWM10A | F10: =IF(E10<>"","Yes","No") -> Yes | J10: =IFERROR(VALUE(SUBSTITUTE(SUBSTITUTE(A10,"GPIO",""),"号","")),"") -> 18
A11: GPIO19 | B11: EPWM10B | C11: =IFERROR( INDEX(Sheet1!$B$1:$N$1, MATCH(B11, INDEX(Sheet1!$B$2:$N$170, MATCH($A11,Sheet1!$A$2:$A$170,0), 0 ), 0 ) ), "" ) -> 5 | D11: PWM | E11: DSP-PWM10B | F11: =IF(E11<>"","Yes","No") -> Yes | J11: =IFERROR(VALUE(SUBSTITUTE(SUBSTITUTE(A11,"GPIO",""),"号","")),"") -> 19
A12: GPIO20 | B12: EPWM11A | C12: =IFERROR( INDEX(Sheet1!$B$1:$N$1, MATCH(B12, INDEX(Sheet1!$B$2:$N$170, MATCH($A12,Sheet1!$A$2:$A$170,0), 0 ), 0 ) ), "" ) -> 5 | D12: PWM | E12: DSP-PWM11A | F12: =IF(E12<>"","Yes","No") -> Yes | J12: =IFERROR(VALUE(SUBSTITUTE(SUBSTITUTE(A12,"GPIO",""),"号","")),"") -> 20
A13: GPIO21 | B13: EPWM11B | C13: =IFERROR( INDEX(Sheet1!$B$1:$N$1, MATCH(B13, INDEX(Sheet1!$B$2:$N$170, MATCH($A13,Sheet1!$A$2:$A$170,0), 0 ), 0 ) ), "" ) -> 5 | D13: PWM | E13: DSP-PWM11B | F13: =IF(E13<>"","Yes","No") -> Yes | J13: =IFERROR(VALUE(SUBSTITUTE(SUBSTITUTE(A13,"GPIO",""),"号","")),"") -> 21
A14: GPIO22 | B14: EPWM12A | C14: =IFERROR( INDEX(Sheet1!$B$1:$N$1, MATCH(B14, INDEX(Sheet1!$B$2:$N$170, MATCH($A14,Sheet1!$A$2:$A$170,0), 0 ), 0 ) ), "" ) -> 5 | D14: PWM | E14: DSP-PWM12A | F14: =IF(E14<>"","Yes","No") -> Yes | J14: =IFERROR(VALUE(SUBSTITUTE(SUBSTITUTE(A14,"GPIO",""),"号","")),"") -> 22
A15: GPIO23 | B15: EPWM12B | C15: =IFERROR( INDEX(Sheet1!$B$1:$N$1, MATCH(B15, INDEX(Sheet1!$B$2:$N$170, MATCH($A15,Sheet1!$A$2:$A$170,0), 0 ), 0 ) ), "" ) -> 5 | D15: PWM | E15: DSP-PWM12B | F15: =IF(E15<>"","Yes","No") -> Yes | J15: =IFERROR(VALUE(SUBSTITUTE(SUBSTITUTE(A15,"GPIO",""),"号","")),"") -> 23
A16: GPIO0 | B16: EPWM1A | C16: =IFERROR( INDEX(Sheet1!$B$1:$N$1, MATCH(B16, INDEX(Sheet1!$B$2:$N$170, MATCH($A16,Sheet1!$A$2:$A$170,0), 0 ), 0 ) ), "" ) -> 1 | D16: PWM | E16: DSP-PWM1A | F16: =IF(E16<>"","Yes","No") -> Yes | J16: =IFERROR(VALUE(SUBSTITUTE(SUBSTITUTE(A16,"GPIO",""),"号","")),"") -> 0
A17: GPIO1 | B17: EPWM1B | C17: =IFERROR( INDEX(Sheet1!$B$1:$N$1, MATCH(B17, INDEX(Sheet1!$B$2:$N$170, MATCH($A17,Sheet1!$A$2:$A$170,0), 0 ), 0 ) ), "" ) -> 1 | D17: PWM | E17: DSP-PWM1B | F17: =IF(E17<>"","Yes","No") -> Yes | J17: =IFERROR(VALUE(SUBSTITUTE(SUBSTITUTE(A17,"GPIO",""),"号","")),"") -> 1
A18: GPIO2 | B18: EPWM2A | C18: =IFERROR( INDEX(Sheet1!$B$1:$N$1, MATCH(B18, INDEX(Sheet1!$B$2:$N$170, MATCH($A18,Sheet1!$A$2:$A$170,0), 0 ), 0 ) ), "" ) -> 1 | D18: PWM | E18: DSP-PWM2A | F18: =IF(E18<>"","Yes","No") -> Yes | J18: =IFERROR(VALUE(SUBSTITUTE(SUBSTITUTE(A18,"GPIO",""),"号","")),"") -> 2
A19: GPIO3 | B19: EPWM2B | C19: =IFERROR( INDEX(Sheet1!$B$1:$N$1, MATCH(B19, INDEX(Sheet1!$B$2:$N$170, MATCH($A19,Sheet1!$A$2:$A$170,0), 0 ), 0 ) ), "" ) -> 1 | D19: PWM | E19: DSP-PWM2B | F19: =IF(E19<>"","Yes","No") -> Yes | J19: =IFERROR(VALUE(SUBSTITUTE(SUBSTITUTE(A19,"GPIO",""),"号","")),"") -> 3
A20: GPIO4 | B20: EPWM3A | C20: =IFERROR( INDEX(Sheet1!$B$1:$N$1, MATCH(B20, INDEX(Sheet1!$B$2:$N$170, MATCH($A20,Sheet1!$A$2:$A$170,0), 0 ), 0 ) ), "" ) -> 1 | D20: PWM | E20: DSP-PWM3A | F20: =IF(E20<>"","Yes","No") -> Yes | J20: =IFERROR(VALUE(SUBSTITUTE(SUBSTITUTE(A20,"GPIO",""),"号","")),"") -> 4
A21: GPIO5 | B21: EPWM3B | C21: =IFERROR( INDEX(Sheet1!$B$1:$N$1, MATCH(B21, INDEX(Sheet1!$B$2:$N$170, MATCH($A21,Sheet1!$A$2:$A$170,0), 0 ), 0 ) ), "" ) -> 1 | D21: PWM | E21: DSP-PWM3B | F21: =IF(E21<>"","Yes","No") -> Yes | J21: =IFERROR(VALUE(SUBSTITUTE(SUBSTITUTE(A21,"GPIO",""),"号","")),"") -> 5
... A30: GPIO10 | B30: EPWM6A | C30: =IFERROR( INDEX(Sheet1!$B$1:$N$1, MATCH(B30, INDEX(Sheet1!$B$2:$N$170, MATCH($A30,Sheet1!$A$2:$A$170,0), 0 ), 0 ) ), "" ) -> 1 | D30: PWM | E30: DSP-PWM6A | F30: =IF(E30<>"","Yes","No") -> Yes | J30: =IFERROR(VALUE(SUBSTITUTE(SUBSTITUTE(A30,"GPIO",""),"号","")),"") -> 10
A31: GPIO29 | C31: =IFERROR( INDEX(Sheet1!$B$1:$N$1, MATCH(B31, INDEX(Sheet1!$B$2:$N$170, MATCH($A31,Sheet1!$A$2:$A$170,0), 0 ), 0 ) ), "" ) | D31: CAN | E31: DSP_A_CAN_EN | F31: =IF(E31<>"","Yes","No") -> Yes | J31: =IFERROR(VALUE(SUBSTITUTE(SUBSTITUTE(A31,"GPIO",""),"号","")),"") -> 29
A32: GPIO30 | B32: CANA_RX | C32: =IFERROR( INDEX(Sheet1!$B$1:$N$1, MATCH(B32, INDEX(Sheet1!$B$2:$N$170, MATCH($A32,Sheet1!$A$2:$A$170,0), 0 ), 0 ) ), "" ) -> 1 | D32: CAN | E32: DSP_A_CAN_RX | F32: =IF(E32<>"","Yes","No") -> Yes | J32: =IFERROR(VALUE(SUBSTITUTE(SUBSTITUTE(A32,"GPIO",""),"号","")),"") -> 30
A33: GPIO31 | B33: CANA_TX | C33: =IFERROR( INDEX(Sheet1!$B$1:$N$1, MATCH(B33, INDEX(Sheet1!$B$2:$N$170, MATCH($A33,Sheet1!$A$2:$A$170,0), 0 ), 0 ) ), "" ) -> 1 | D33: CAN | E33: DSP_A_CAN_TX | F33: =IF(E33<>"","Yes","No") -> Yes | J33: =IFERROR(VALUE(SUBSTITUTE(SUBSTITUTE(A33,"GPIO",""),"号","")),"") -> 31
A34: GPIO32 | B34: I2CA_SDA | C34: =IFERROR( INDEX(Sheet1!$B$1:$N$1, MATCH(B34, INDEX(Sheet1!$B$2:$N$170, MATCH($A34,Sheet1!$A$2:$A$170,0), 0 ), 0 ) ), "" ) -> 1 | D34: I2C | E34: MSDAA | F34: =IF(E34<>"","Yes","No") -> Yes | J34: =IFERROR(VALUE(SUBSTITUTE(SUBSTITUTE(A34,"GPIO",""),"号","")),"") -> 32
A35: GPIO33 | B35: I2CA_SCL | C35: =IFERROR( INDEX(Sheet1!$B$1:$N$1, MATCH(B35, INDEX(Sheet1!$B$2:$N$170, MATCH($A35,Sheet1!$A$2:$A$170,0), 0 ), 0 ) ), "" ) -> 1 | D35: I2C | E35: MSCLA | F35: =IF(E35<>"","Yes","No") -> Yes | J35: =IFERROR(VALUE(SUBSTITUTE(SUBSTITUTE(A35,"GPIO",""),"号","")),"") -> 33
A36: GPIO34 | B36: I2CB_SDA | C36: =IFERROR( INDEX(Sheet1!$B$1:$N$1, MATCH(B36, INDEX(Sheet1!$B$2:$N$170, MATCH($A36,Sheet1!$A$2:$A$170,0), 0 ), 0 ) ), "" ) -> 6 | D36: I2C | E36: MSCLB | F36: =IF(E36<>"","Yes","No") -> Yes | J36: =IFERROR(VALUE(SUBSTITUTE(SUBSTITUTE(A36,"GPIO",""),"号","")),"") -> 34
A37: GPIO35 | B37: I2CB_SCL | C37: =IFERROR( INDEX(Sheet1!$B$1:$N$1, MATCH(B37, INDEX(Sheet1!$B$2:$N$170, MATCH($A37,Sheet1!$A$2:$A$170,0), 0 ), 0 ) ), "" ) -> 6 | D37: I2C | E37: MSDAB | F37: =IF(E37<>"","Yes","No") -> Yes | J37: =IFERROR(VALUE(SUBSTITUTE(SUBSTITUTE(A37,"GPIO",""),"号","")),"") -> 35
A38: GPIO36 | F38: =IF(E38<>"","Yes","No") -> No | J38: =IFERROR(VALUE(SUBSTITUTE(SUBSTITUTE(A38,"GPIO",""),"号","")),"") -> 36
A39: GPIO37 | C39: =IFERROR( INDEX(Sheet1!$B$1:$N$1, MATCH(B39, INDEX(Sheet1!$B$2:$N$170, MATCH($A39,Sheet1!$A$2:$A$170,0), 0 ), 0 ) ), "" ) | D39: CAN | E39: DSP_B_CAN_EN | F39: =IF(E39<>"","Yes","No") -> Yes | J39: =IFERROR(VALUE(SUBSTITUTE(SUBSTITUTE(A39,"GPIO",""),"号","")),"") -> 37
A40: GPIO38 | B40: CANB_TX | C40: =IFERROR( INDEX(Sheet1!$B$1:$N$1, MATCH(B40, INDEX(Sheet1!$B$2:$N$170, MATCH($A40,Sheet1!$A$2:$A$170,0), 0 ), 0 ) ), "" ) -> 6 | D40: CAN | E40: DSP_B_CAN_TX | F40: =IF(E40<>"","Yes","No") -> Yes | J40: =IFERROR(VALUE(SUBSTITUTE(SUBSTITUTE(A40,"GPIO",""),"号","")),"") -> 38
A41: GPIO39 | B41: CANB_RX | C41: =IFERROR( INDEX(Sheet1!$B$1:$N$1, MATCH(B41, INDEX(Sheet1!$B$2:$N$170, MATCH($A41,Sheet1!$A$2:$A$170,0), 0 ), 0 ) ), "" ) -> 6 | D41: CAN | E41: DSP_B_CAN_RX | F41: =IF(E41<>"","Yes","No") -> Yes | J41: =IFERROR(VALUE(SUBSTITUTE(SUBSTITUTE(A41,"GPIO",""),"号","")),"") -> 39
A42: GPIO11 | B42: EPWM6B | C42: =IFERROR( INDEX(Sheet1!$B$1:$N$1, MATCH(B42, INDEX(Sheet1!$B$2:$N$170, MATCH($A42,Sheet1!$A$2:$A$170,0), 0 ), 0 ) ), "" ) -> 1 | D42: PWM | E42: DSP-PWM6B | F42: =IF(E42<>"","Yes","No") -> Yes | J42: =IFERROR(VALUE(SUBSTITUTE(SUBSTITUTE(A42,"GPIO",""),"号","")),"") -> 11
A43: GPIO41 | C43: =IFERROR( INDEX(Sheet1!$B$1:$N$1, MATCH(B43, INDEX(Sheet1!$B$2:$N$170, MATCH($A43,Sheet1!$A$2:$A$170,0), 0 ), 0 ) ), "" ) | D43: GPIO | E43: DI-2-DSP-3.3V | F43: =IF(E43<>"","Yes","No") -> Yes | J43: =IFERROR(VALUE(SUBSTITUTE(SUBSTITUTE(A43,"GPIO",""),"号","")),"") -> 41
A44: GPIO42 | C44: =IFERROR( INDEX(Sheet1!$B$1:$N$1, MATCH(B44, INDEX(Sheet1!$B$2:$N$170, MATCH($A44,Sheet1!$A$2:$A$170,0), 0 ), 0 ) ), "" ) | D44: Hall | E44: HALL2_W | F44: =IF(E44<>"","Yes","No") -> Yes | J44: =IFERROR(VALUE(SUBSTITUTE(SUBSTITUTE(A44,"GPIO",""),"号","")),"") -> 42
A45: GPIO43 | C45: =IFERROR( INDEX(Sheet1!$B$1:$N$1, MATCH(B45, INDEX(Sheet1!$B$2:$N$170, MATCH($A45,Sheet1!$A$2:$A$170,0), 0 ), 0 ) ), "" ) | F45: =IF(E45<>"","Yes","No") -> No | J45: =IFERROR(VALUE(SUBSTITUTE(SUBSTITUTE(A45,"GPIO",""),"号","")),"") -> 43
A46: GPIO44 | B46: ESC_TX1_CLK | C46: =IFERROR( INDEX(Sheet1!$B$1:$N$1, MATCH(B46, INDEX(Sheet1!$B$2:$N$170, MATCH($A46,Sheet1!$A$2:$A$170,0), 0 ), 0 ) ), "" ) -> 14 | D46: EtherCAT | E46: ESC_TX1_CLK | F46: =IF(E46<>"","Yes","No") -> Yes | G46: 核心板 | J46: =IFERROR(VALUE(SUBSTITUTE(SUBSTITUTE(A46,"GPIO",""),"号","")),"") -> 44
A47: GPIO45 | B47: ESC_TX1_ENA | C47: =IFERROR( INDEX(Sheet1!$B$1:$N$1, MATCH(B47, INDEX(Sheet1!$B$2:$N$170, MATCH($A47,Sheet1!$A$2:$A$170,0), 0 ), 0 ) ), "" ) -> 14 | D47: EtherCAT | E47: ESC_TX1_EN | F47: =IF(E47<>"","Yes","No") -> Yes | G47: 核心板 | J47: =IFERROR(VALUE(SUBSTITUTE(SUBSTITUTE(A47,"GPIO",""),"号","")),"") -> 45
A48: GPIO46 | B48: ESC_MDIO_CLK | C48: =IFERROR( INDEX(Sheet1!$B$1:$N$1, MATCH(B48, INDEX(Sheet1!$B$2:$N$170, MATCH($A48,Sheet1!$A$2:$A$170,0), 0 ), 0 ) ), "" ) -> 14 | D48: EtherCAT | E48: ESC_MDC | F48: =IF(E48<>"","Yes","No") -> Yes | G48: 核心板 | J48: =IFERROR(VALUE(SUBSTITUTE(SUBSTITUTE(A48,"GPIO",""),"号","")),"") -> 46
A49: GPIO47 | B49: ESC_MDIO_DATA | C49: =IFERROR( INDEX(Sheet1!$B$1:$N$1, MATCH(B49, INDEX(Sheet1!$B$2:$N$170, MATCH($A49,Sheet1!$A$2:$A$170,0), 0 ), 0 ) ), "" ) -> 14 | D49: EtherCAT | E49: ESC_MDIO | F49: =IF(E49<>"","Yes","No") -> Yes | G49: 核心板 | J49: =IFERROR(VALUE(SUBSTITUTE(SUBSTITUTE(A49,"GPIO",""),"号","")),"") -> 47
A50: GPIO48 | B50: SCIA_TX | C50: =IFERROR( INDEX(Sheet1!$B$1:$N$1, MATCH(B50, INDEX(Sheet1!$B$2:$N$170, MATCH($A50,Sheet1!$A$2:$A$170,0), 0 ), 0 ) ), "" ) -> 6 | D50: SCI | E50: MCU_485D_1 | F50: =IF(E50<>"","Yes","No") -> Yes | J50: =IFERROR(VALUE(SUBSTITUTE(SUBSTITUTE(A50,"GPIO",""),"号","")),"") -> 48
A51: GPIO49 | B51: SCIA_RX | C51: =IFERROR( INDEX(Sheet1!$B$1:$N$1, MATCH(B51, INDEX(Sheet1!$B$2:$N$170, MATCH($A51,Sheet1!$A$2:$A$170,0), 0 ), 0 ) ), "" ) -> 6 | D51: SCI | E51: MCU_485R_1 | F51: =IF(E51<>"","Yes","No") -> Yes | J51: =IFERROR(VALUE(SUBSTITUTE(SUBSTITUTE(A51,"GPIO",""),"号","")),"") -> 49
A52: GPIO50 | F52: =IF(E52<>"","Yes","No") -> No | J52: =IFERROR(VALUE(SUBSTITUTE(SUBSTITUTE(A52,"GPIO",""),"号","")),"") -> 50
A53: GPIO51 | F53: =IF(E53<>"","Yes","No") -> No | J53: =IFERROR(VALUE(SUBSTITUTE(SUBSTITUTE(A53,"GPIO",""),"号","")),"") -> 51
A54: GPIO52 | C54: =IFERROR( INDEX(Sheet1!$B$1:$N$1, MATCH(B54, INDEX(Sheet1!$B$2:$N$170, MATCH($A54,Sheet1!$A$2:$A$170,0), 0 ), 0 ) ), "" ) | D54: SCI | E54: 485_RTS_1 | F54: =IF(E54<>"","Yes","No") -> Yes | J54: =IFERROR(VALUE(SUBSTITUTE(SUBSTITUTE(A54,"GPIO",""),"号","")),"") -> 52
A55: GPIO53 | F55: =IF(E55<>"","Yes","No") -> No | J55: =IFERROR(VALUE(SUBSTITUTE(SUBSTITUTE(A55,"GPIO",""),"号","")),"") -> 53
A56: GPIO54 | B56: EQEP2_A | C56: =IFERROR( INDEX(Sheet1!$B$1:$N$1, MATCH(B56, INDEX(Sheet1!$B$2:$N$170, MATCH($A56,Sheet1!$A$2:$A$170,0), 0 ), 0 ) ), "" ) -> 5 | D56: eQEP | E56: MQEP2A | F56: =IF(E56<>"","Yes","No") -> Yes | J56: =IFERROR(VALUE(SUBSTITUTE(SUBSTITUTE(A56,"GPIO",""),"号","")),"") -> 54
A57: GPIO55 | B57: EQEP2_B | C57: =IFERROR( INDEX(Sheet1!$B$1:$N$1, MATCH(B57, INDEX(Sheet1!$B$2:$N$170, MATCH($A57,Sheet1!$A$2:$A$170,0), 0 ), 0 ) ), "" ) -> 5 | D57: eQEP | E57: MQEP2B | F57: =IF(E57<>"","Yes","No") -> Yes | J57: =IFERROR(VALUE(SUBSTITUTE(SUBSTITUTE(A57,"GPIO",""),"号","")),"") -> 55
A58: GPIO56 | C58: =IFERROR( INDEX(Sheet1!$B$1:$N$1, MATCH(B58, INDEX(Sheet1!$B$2:$N$170, MATCH($A58,Sheet1!$A$2:$A$170,0), 0 ), 0 ) ), "" ) | D58: GPIO | E58: DSP_Temperature1 | F58: =IF(E58<>"","Yes","No") -> Yes | J58: =IFERROR(VALUE(SUBSTITUTE(SUBSTITUTE(A58,"GPIO",""),"号","")),"") -> 56
A59: GPIO57 | B59: EQEP2_INDEX | C59: =IFERROR( INDEX(Sheet1!$B$1:$N$1, MATCH(B59, INDEX(Sheet1!$B$2:$N$170, MATCH($A59,Sheet1!$A$2:$A$170,0), 0 ), 0 ) ), "" ) -> 5 | D59: eQEP | E59: MQEP2Z | F59: =IF(E59<>"","Yes","No") -> Yes | J59: =IFERROR(VALUE(SUBSTITUTE(SUBSTITUTE(A59,"GPIO",""),"号","")),"") -> 57
A60: GPIO58 | B60: SPIA_SIMO | C60: =IFERROR( INDEX(Sheet1!$B$1:$N$1, MATCH(B60, INDEX(Sheet1!$B$2:$N$170, MATCH($A60,Sheet1!$A$2:$A$170,0), 0 ), 0 ) ), "" ) -> 15 | D60: SPI | E60: SPI_A_MO_HS | F60: =IF(E60<>"","Yes","No") -> Yes | J60: =IFERROR(VALUE(SUBSTITUTE(SUBSTITUTE(A60,"GPIO",""),"号","")),"") -> 58
A61: GPIO59 | B61: SPIA_SOMI | C61: =IFERROR( INDEX(Sheet1!$B$1:$N$1, MATCH(B61, INDEX(Sheet1!$B$2:$N$170, MATCH($A61,Sheet1!$A$2:$A$170,0), 0 ), 0 ) ), "" ) -> 15 | D61: SPI | E61: SPI_A_MI_HS | F61: =IF(E61<>"","Yes","No") -> Yes | J61: =IFERROR(VALUE(SUBSTITUTE(SUBSTITUTE(A61,"GPIO",""),"号","")),"") -> 59
A62: GPIO60 | B62: SPIA_CLK | C62: =IFERROR( INDEX(Sheet1!$B$1:$N$1, MATCH(B62, INDEX(Sheet1!$B$2:$N$170, MATCH($A62,Sheet1!$A$2:$A$170,0), 0 ), 0 ) ), "" ) -> 15 | D62: SPI | E62: SPI_A_CK_HS | F62: =IF(E62<>"","Yes","No") -> Yes | J62: =IFERROR(VALUE(SUBSTITUTE(SUBSTITUTE(A62,"GPIO",""),"号","")),"") -> 60
A63: GPIO61 | B63: SPIA_STEn | C63: =IFERROR( INDEX(Sheet1!$B$1:$N$1, MATCH(B63, INDEX(Sheet1!$B$2:$N$170, MATCH($A63,Sheet1!$A$2:$A$170,0), 0 ), 0 ) ), "" ) -> 15 | D63: SPI | E63: ~{SPI_A_STE_HS} | F63: =IF(E63<>"","Yes","No") -> Yes | J63: =IFERROR(VALUE(SUBSTITUTE(SUBSTITUTE(A63,"GPIO",""),"号","")),"") -> 61
A64: GPIO62 | C64: =IFERROR( INDEX(Sheet1!$B$1:$N$1, MATCH(B64, INDEX(Sheet1!$B$2:$N$170, MATCH($A64,Sheet1!$A$2:$A$170,0), 0 ), 0 ) ), "" ) | F64: =IF(E64<>"","Yes","No") -> No | G64: 核心板for电压监测 | J64: =IFERROR(VALUE(SUBSTITUTE(SUBSTITUTE(A64,"GPIO",""),"号","")),"") -> 62
A65: GPIO63 | B65: ESC_RX1_DATA0 | C65: =IFERROR( INDEX(Sheet1!$B$1:$N$1, MATCH(B65, INDEX(Sheet1!$B$2:$N$170, MATCH($A65,Sheet1!$A$2:$A$170,0), 0 ), 0 ) ), "" ) -> 14 | D65: EtherCAT | E65: ESC_RX1_D0 | F65: =IF(E65<>"","Yes","No") -> Yes | G65: 核心板 | J65: =IFERROR(VALUE(SUBSTITUTE(SUBSTITUTE(A65,"GPIO",""),"号","")),"") -> 63
A66: GPIO64 | B66: ESC_RX1_DATA1 | C66: =IFERROR( INDEX(Sheet1!$B$1:$N$1, MATCH(B66, INDEX(Sheet1!$B$2:$N$170, MATCH($A66,Sheet1!$A$2:$A$170,0), 0 ), 0 ) ), "" ) -> 14 | D66: EtherCAT | E66: ESC_RX1_D1 | F66: =IF(E66<>"","Yes","No") -> Yes | G66: 核心板 | J66: =IFERROR(VALUE(SUBSTITUTE(SUBSTITUTE(A66,"GPIO",""),"号","")),"") -> 64
A67: GPIO65 | B67: ESC_RX1_DATA2 | C67: =IFERROR( INDEX(Sheet1!$B$1:$N$1, MATCH(B67, INDEX(Sheet1!$B$2:$N$170, MATCH($A67,Sheet1!$A$2:$A$170,0), 0 ), 0 ) ), "" ) -> 14 | D67: EtherCAT | E67: ESC_RX1_D2 | F67: =IF(E67<>"","Yes","No") -> Yes | G67: 核心板 | J67: =IFERROR(VALUE(SUBSTITUTE(SUBSTITUTE(A67,"GPIO",""),"号","")),"") -> 65
A68: GPIO66 | B68: ESC_RX1_DATA3 | C68: =IFERROR( INDEX(Sheet1!$B$1:$N$1, MATCH(B68, INDEX(Sheet1!$B$2:$N$170, MATCH($A68,Sheet1!$A$2:$A$170,0), 0 ), 0 ) ), "" ) -> 14 | D68: EtherCAT | E68: ESC_RX1_D3 | F68: =IF(E68<>"","Yes","No") -> Yes | G68: 核心板 | J68: =IFERROR(VALUE(SUBSTITUTE(SUBSTITUTE(A68,"GPIO",""),"号","")),"") -> 66
A69: GPIO67 | C69: =IFERROR( INDEX(Sheet1!$B$1:$N$1, MATCH(B69, INDEX(Sheet1!$B$2:$N$170, MATCH($A69,Sheet1!$A$2:$A$170,0), 0 ), 0 ) ), "" ) | F69: =IF(E69<>"","Yes","No") -> No | J69: =IFERROR(VALUE(SUBSTITUTE(SUBSTITUTE(A69,"GPIO",""),"号","")),"") -> 67
A70: GPIO68 | B70: ESC_PHY1_LINKSTATUS | C70: =IFERROR( INDEX(Sheet1!$B$1:$N$1, MATCH(B70, INDEX(Sheet1!$B$2:$N$170, MATCH($A70,Sheet1!$A$2:$A$170,0), 0 ), 0 ) ), "" ) -> 14 | D70: EtherCAT | E70: ESC_PHY1 | F70: =IF(E70<>"","Yes","No") -> Yes | G70: 核心板 | J70: =IFERROR(VALUE(SUBSTITUTE(SUBSTITUTE(A70,"GPIO",""),"号","")),"") -> 68
A71: GPIO69 | B71: ESC_RX1_CLK | C71: =IFERROR( INDEX(Sheet1!$B$1:$N$1, MATCH(B71, INDEX(Sheet1!$B$2:$N$170, MATCH($A71,Sheet1!$A$2:$A$170,0), 0 ), 0 ) ), "" ) -> 14 | D71: EtherCAT | E71: ESC_RX1_CLK | F71: =IF(E71<>"","Yes","No") -> Yes | G71: 核心板 | J71: =IFERROR(VALUE(SUBSTITUTE(SUBSTITUTE(A71,"GPIO",""),"号","")),"") -> 69
A72: GPIO70 | B72: ESC_RX1_DV | C72: =IFERROR( INDEX(Sheet1!$B$1:$N$1, MATCH(B72, INDEX(Sheet1!$B$2:$N$170, MATCH($A72,Sheet1!$A$2:$A$170,0), 0 ), 0 ) ), "" ) -> 14 | D72: EtherCAT | E72: ESC_RX1_DV | F72: =IF(E72<>"","Yes","No") -> Yes | G72: 核心板 | J72: =IFERROR(VALUE(SUBSTITUTE(SUBSTITUTE(A72,"GPIO",""),"号","")),"") -> 70
A73: GPIO71 | B73: ESC_RX1_ERR | C73: =IFERROR( INDEX(Sheet1!$B$1:$N$1, MATCH(B73, INDEX(Sheet1!$B$2:$N$170, MATCH($A73,Sheet1!$A$2:$A$170,0), 0 ), 0 ) ), "" ) -> 14 | D73: EtherCAT | E73: ESC_RX1_ERR | F73: =IF(E73<>"","Yes","No") -> Yes | G73: 核心板 | J73: =IFERROR(VALUE(SUBSTITUTE(SUBSTITUTE(A73,"GPIO",""),"号","")),"") -> 71
A74: GPIO72 | C74: =IFERROR( INDEX(Sheet1!$B$1:$N$1, MATCH(B74, INDEX(Sheet1!$B$2:$N$170, MATCH($A74,Sheet1!$A$2:$A$170,0), 0 ), 0 ) ), "" ) | F74: =IF(E74<>"","Yes","No") -> No | J74: =IFERROR(VALUE(SUBSTITUTE(SUBSTITUTE(A74,"GPIO",""),"号","")),"") -> 72
A75: GPIO73 | B75: ESC_TX1_DATA2 | C75: =IFERROR( INDEX(Sheet1!$B$1:$N$1, MATCH(B75, INDEX(Sheet1!$B$2:$N$170, MATCH($A75,Sheet1!$A$2:$A$170,0), 0 ), 0 ) ), "" ) -> 14 | D75: EtherCAT | E75: ESC_TX1_D2 | F75: =IF(E75<>"","Yes","No") -> Yes | G75: 核心板 | J75: =IFERROR(VALUE(SUBSTITUTE(SUBSTITUTE(A75,"GPIO",""),"号","")),"") -> 73
A76: GPIO74 | B76: ESC_TX1_DATA1 | C76: =IFERROR( INDEX(Sheet1!$B$1:$N$1, MATCH(B76, INDEX(Sheet1!$B$2:$N$170, MATCH($A76,Sheet1!$A$2:$A$170,0), 0 ), 0 ) ), "" ) -> 14 | D76: EtherCAT | E76: ESC_TX1_D1 | F76: =IF(E76<>"","Yes","No") -> Yes | G76: 核心板 | J76: =IFERROR(VALUE(SUBSTITUTE(SUBSTITUTE(A76,"GPIO",""),"号","")),"") -> 74
A77: GPIO75 | B77: ESC_TX1_DATA0 | C77: =IFERROR( INDEX(Sheet1!$B$1:$N$1, MATCH(B77, INDEX(Sheet1!$B$2:$N$170, MATCH($A77,Sheet1!$A$2:$A$170,0), 0 ), 0 ) ), "" ) -> 14 | D77: EtherCAT | E77: ESC_TX1_D0 | F77: =IF(E77<>"","Yes","No") -> Yes | G77: 核心板 | J77: =IFERROR(VALUE(SUBSTITUTE(SUBSTITUTE(A77,"GPIO",""),"号","")),"") -> 75
A78: GPIO76 | B78: ESC_PHY_RESETn | C78: =IFERROR( INDEX(Sheet1!$B$1:$N$1, MATCH(B78, INDEX(Sheet1!$B$2:$N$170, MATCH($A78,Sheet1!$A$2:$A$170,0), 0 ), 0 ) ), "" ) -> 14 | D78: EtherCAT | E78: ESC_RESET | F78: =IF(E78<>"","Yes","No") -> Yes | G78: 核心板 | J78: =IFERROR(VALUE(SUBSTITUTE(SUBSTITUTE(A78,"GPIO",""),"号","")),"") -> 76
A79: GPIO77 | B79: ESC_RX0_CLK | C79: =IFERROR( INDEX(Sheet1!$B$1:$N$1, MATCH(B79, INDEX(Sheet1!$B$2:$N$170, MATCH($A79,Sheet1!$A$2:$A$170,0), 0 ), 0 ) ), "" ) -> 14 | D79: EtherCAT | E79: ESC_RX0_CLK | F79: =IF(E79<>"","Yes","No") -> Yes | G79: 核心板 | J79: =IFERROR(VALUE(SUBSTITUTE(SUBSTITUTE(A79,"GPIO",""),"号","")),"") -> 77
A80: GPIO78 | B80: ESC_RX0_DV | C80: =IFERROR( INDEX(Sheet1!$B$1:$N$1, MATCH(B80, INDEX(Sheet1!$B$2:$N$170, MATCH($A80,Sheet1!$A$2:$A$170,0), 0 ), 0 ) ), "" ) -> 14 | D80: EtherCAT | E80: ESC_RX0_DV | F80: =IF(E80<>"","Yes","No") -> Yes | G80: 核心板 | J80: =IFERROR(VALUE(SUBSTITUTE(SUBSTITUTE(A80,"GPIO",""),"号","")),"") -> 78
A81: GPIO79 | B81: ESC_RX0_ERR | C81: =IFERROR( INDEX(Sheet1!$B$1:$N$1, MATCH(B81, INDEX(Sheet1!$B$2:$N$170, MATCH($A81,Sheet1!$A$2:$A$170,0), 0 ), 0 ) ), "" ) -> 14 | D81: EtherCAT | E81: ESC_RX0_ERR | F81: =IF(E81<>"","Yes","No") -> Yes | G81: 核心板 | J81: =IFERROR(VALUE(SUBSTITUTE(SUBSTITUTE(A81,"GPIO",""),"号","")),"") -> 79
A82: GPIO80 | B82: ESC_RX0_DATA0 | C82: =IFERROR( INDEX(Sheet1!$B$1:$N$1, MATCH(B82, INDEX(Sheet1!$B$2:$N$170, MATCH($A82,Sheet1!$A$2:$A$170,0), 0 ), 0 ) ), "" ) -> 14 | D82: EtherCAT | E82: ESC_RX0_D0 | F82: =IF(E82<>"","Yes","No") -> Yes | G82: 核心板 | J82: =IFERROR(VALUE(SUBSTITUTE(SUBSTITUTE(A82,"GPIO",""),"号","")),"") -> 80
A83: GPIO81 | B83: ESC_RX0_DATA1 | C83: =IFERROR( INDEX(Sheet1!$B$1:$N$1, MATCH(B83, INDEX(Sheet1!$B$2:$N$170, MATCH($A83,Sheet1!$A$2:$A$170,0), 0 ), 0 ) ), "" ) -> 14 | D83: EtherCAT | E83: ESC_RX0_D1 | F83: =IF(E83<>"","Yes","No") -> Yes | G83: 核心板 | J83: =IFERROR(VALUE(SUBSTITUTE(SUBSTITUTE(A83,"GPIO",""),"号","")),"") -> 81
A84: GPIO82 | B84: ESC_RX0_DATA2 | C84: =IFERROR( INDEX(Sheet1!$B$1:$N$1, MATCH(B84, INDEX(Sheet1!$B$2:$N$170, MATCH($A84,Sheet1!$A$2:$A$170,0), 0 ), 0 ) ), "" ) -> 14 | D84: EtherCAT | E84: ESC_RX0_D2 | F84: =IF(E84<>"","Yes","No") -> Yes | G84: 核心板 | J84: =IFERROR(VALUE(SUBSTITUTE(SUBSTITUTE(A84,"GPIO",""),"号","")),"") -> 82
A85: GPIO83 | B85: ESC_RX0_DATA3 | C85: =IFERROR( INDEX(Sheet1!$B$1:$N$1, MATCH(B85, INDEX(Sheet1!$B$2:$N$170, MATCH($A85,Sheet1!$A$2:$A$170,0), 0 ), 0 ) ), "" ) -> 14 | D85: EtherCAT | E85: ESC_RX0_D3 | F85: =IF(E85<>"","Yes","No") -> Yes | G85: 核心板 | J85: =IFERROR(VALUE(SUBSTITUTE(SUBSTITUTE(A85,"GPIO",""),"号","")),"") -> 83
A86: GPIO84 | C86: =IFERROR( INDEX(Sheet1!$B$1:$N$1, MATCH(B86, INDEX(Sheet1!$B$2:$N$170, MATCH($A86,Sheet1!$A$2:$A$170,0), 0 ), 0 ) ), "" ) | F86: =IF(E86<>"","Yes","No") -> No | J86: =IFERROR(VALUE(SUBSTITUTE(SUBSTITUTE(A86,"GPIO",""),"号","")),"") -> 84
A87: GPIO85 | B87: ESC_TX0_CLK | C87: =IFERROR( INDEX(Sheet1!$B$1:$N$1, MATCH(B87, INDEX(Sheet1!$B$2:$N$170, MATCH($A87,Sheet1!$A$2:$A$170,0), 0 ), 0 ) ), "" ) -> 14 | D87: EtherCAT | E87: ESC_TX0_CLK | F87: =IF(E87<>"","Yes","No") -> Yes | G87: 核心板 | J87: =IFERROR(VALUE(SUBSTITUTE(SUBSTITUTE(A87,"GPIO",""),"号","")),"") -> 85
A88: GPIO86 | C88: =IFERROR( INDEX(Sheet1!$B$1:$N$1, MATCH(B88, INDEX(Sheet1!$B$2:$N$170, MATCH($A88,Sheet1!$A$2:$A$170,0), 0 ), 0 ) ), "" ) | F88: =IF(E88<>"","Yes","No") -> No | J88: =IFERROR(VALUE(SUBSTITUTE(SUBSTITUTE(A88,"GPIO",""),"号","")),"") -> 86
A89: GPIO87 | B89: ESC_TX0_DATA0 | C89: =IFERROR( INDEX(Sheet1!$B$1:$N$1, MATCH(B89, INDEX(Sheet1!$B$2:$N$170, MATCH($A89,Sheet1!$A$2:$A$170,0), 0 ), 0 ) ), "" ) -> 14 | D89: EtherCAT | E89: ESC_TX0_D0 | F89: =IF(E89<>"","Yes","No") -> Yes | G89: 核心板 | J89: =IFERROR(VALUE(SUBSTITUTE(SUBSTITUTE(A89,"GPIO",""),"号","")),"") -> 87
A90: GPIO88 | C90: =IFERROR( INDEX(Sheet1!$B$1:$N$1, MATCH(B90, INDEX(Sheet1!$B$2:$N$170, MATCH($A90,Sheet1!$A$2:$A$170,0), 0 ), 0 ) ), "" ) | D90: SCI | E90: 485_RTS_4 | F90: =IF(E90<>"","Yes","No") -> Yes | J90: =IFERROR(VALUE(SUBSTITUTE(SUBSTITUTE(A90,"GPIO",""),"号","")),"") -> 88
A91: GPIO89 | B91: SCIC_TX | C91: =IFERROR( INDEX(Sheet1!$B$1:$N$1, MATCH(B91, INDEX(Sheet1!$B$2:$N$170, MATCH($A91,Sheet1!$A$2:$A$170,0), 0 ), 0 ) ), "" ) -> 6 | D91: SCI | E91: MCU_485D_3 | F91: =IF(E91<>"","Yes","No") -> Yes | J91: =IFERROR(VALUE(SUBSTITUTE(SUBSTITUTE(A91,"GPIO",""),"号","")),"") -> 89
A92: GPIO90 | B92: SCIC_RX | C92: =IFERROR( INDEX(Sheet1!$B$1:$N$1, MATCH(B92, INDEX(Sheet1!$B$2:$N$170, MATCH($A92,Sheet1!$A$2:$A$170,0), 0 ), 0 ) ), "" ) -> 6 | D92: SCI | E92: MCU_485R_3 | F92: =IF(E92<>"","Yes","No") -> Yes | J92: =IFERROR(VALUE(SUBSTITUTE(SUBSTITUTE(A92,"GPIO",""),"号","")),"") -> 90
A93: GPIO91 | B93: SPID_SIMO | C93: =IFERROR( INDEX(Sheet1!$B$1:$N$1, MATCH(B93, INDEX(Sheet1!$B$2:$N$170, MATCH($A93,Sheet1!$A$2:$A$170,0), 0 ), 0 ) ), "" ) -> 15 | D93: SPI | E93: SPI_D_MO_HS | F93: =IF(E93<>"","Yes","No") -> Yes | J93: =IFERROR(VALUE(SUBSTITUTE(SUBSTITUTE(A93,"GPIO",""),"号","")),"") -> 91
A94: GPIO92 | B94: SPID_SOMI | C94: =IFERROR( INDEX(Sheet1!$B$1:$N$1, MATCH(B94, INDEX(Sheet1!$B$2:$N$170, MATCH($A94,Sheet1!$A$2:$A$170,0), 0 ), 0 ) ), "" ) -> 15 | D94: SPI | E94: SPI_D_MI_HS | F94: =IF(E94<>"","Yes","No") -> Yes | J94: =IFERROR(VALUE(SUBSTITUTE(SUBSTITUTE(A94,"GPIO",""),"号","")),"") -> 92
A95: GPIO93 | B95: SPID_CLK | C95: =IFERROR( INDEX(Sheet1!$B$1:$N$1, MATCH(B95, INDEX(Sheet1!$B$2:$N$170, MATCH($A95,Sheet1!$A$2:$A$170,0), 0 ), 0 ) ), "" ) -> 15 | D95: SPI | E95: SPI_D_CK_HS | F95: =IF(E95<>"","Yes","No") -> Yes | J95: =IFERROR(VALUE(SUBSTITUTE(SUBSTITUTE(A95,"GPIO",""),"号","")),"") -> 93
A96: GPIO94 | B96: SPID_STEn | C96: =IFERROR( INDEX(Sheet1!$B$1:$N$1, MATCH(B96, INDEX(Sheet1!$B$2:$N$170, MATCH($A96,Sheet1!$A$2:$A$170,0), 0 ), 0 ) ), "" ) -> 15 | D96: SPI | E96: ~{SPI_D_STE_HS} | F96: =IF(E96<>"","Yes","No") -> Yes | J96: =IFERROR(VALUE(SUBSTITUTE(SUBSTITUTE(A96,"GPIO",""),"号","")),"") -> 94
A97: GPIO12 | B97: EPWM7A | C97: =IFERROR( INDEX(Sheet1!$B$1:$N$1, MATCH(B97, INDEX(Sheet1!$B$2:$N$170, MATCH($A97,Sheet1!$A$2:$A$170,0), 0 ), 0 ) ), "" ) -> 1 | D97: PWM | E97: DSP-PWM7A | F97: =IF(E97<>"","Yes","No") -> Yes | J97: =IFERROR(VALUE(SUBSTITUTE(SUBSTITUTE(A97,"GPIO",""),"号","")),"") -> 12
A98: GPIO96 | B98: EQEP1_A | C98: =IFERROR( INDEX(Sheet1!$B$1:$N$1, MATCH(B98, INDEX(Sheet1!$B$2:$N$170, MATCH($A98,Sheet1!$A$2:$A$170,0), 0 ), 0 ) ), "" ) -> 5 | D98: eQEP | E98: MQEP1A | F98: =IF(E98<>"","Yes","No") -> Yes | J98: =IFERROR(VALUE(SUBSTITUTE(SUBSTITUTE(A98,"GPIO",""),"号","")),"") -> 96
A99: GPIO97 | B99: EQEP1_B | C99: =IFERROR( INDEX(Sheet1!$B$1:$N$1, MATCH(B99, INDEX(Sheet1!$B$2:$N$170, MATCH($A99,Sheet1!$A$2:$A$170,0), 0 ), 0 ) ), "" ) -> 5 | D99: eQEP | E99: MQEP1B | F99: =IF(E99<>"","Yes","No") -> Yes | J99: =IFERROR(VALUE(SUBSTITUTE(SUBSTITUTE(A99,"GPIO",""),"号","")),"") -> 97
A100: GPIO98 | C100: =IFERROR( INDEX(Sheet1!$B$1:$N$1, MATCH(B100, INDEX(Sheet1!$B$2:$N$170, MATCH($A100,Sheet1!$A$2:$A$170,0), 0 ), 0 ) ), "" ) | F100: =IF(E100<>"","Yes","No") -> No | J100: =IFERROR(VALUE(SUBSTITUTE(SUBSTITUTE(A100,"GPIO",""),"号","")),"") -> 98
A101: GPIO99 | B101: EQEP1_INDEX | C101: =IFERROR( INDEX(Sheet1!$B$1:$N$1, MATCH(B101, INDEX(Sheet1!$B$2:$N$170, MATCH($A101,Sheet1!$A$2:$A$170,0), 0 ), 0 ) ), "" ) -> 5 | D101: eQEP | E101: MQEP1Z | F101: =IF(E101<>"","Yes","No") -> Yes | J101: =IFERROR(VALUE(SUBSTITUTE(SUBSTITUTE(A101,"GPIO",""),"号","")),"") -> 99
A102: GPIO100 | B102: SPIC_SIMO | C102: =IFERROR( INDEX(Sheet1!$B$1:$N$1, MATCH(B102, INDEX(Sheet1!$B$2:$N$170, MATCH($A102,Sheet1!$A$2:$A$170,0), 0 ), 0 ) ), "" ) -> 6 | D102: SPI | E102: SPI_C_MO | F102: =IF(E102<>"","Yes","No") -> Yes | J102: =IFERROR(VALUE(SUBSTITUTE(SUBSTITUTE(A102,"GPIO",""),"号","")),"") -> 100
A103: GPIO101 | B103: SPIC_SOMI | C103: =IFERROR( INDEX(Sheet1!$B$1:$N$1, MATCH(B103, INDEX(Sheet1!$B$2:$N$170, MATCH($A103,Sheet1!$A$2:$A$170,0), 0 ), 0 ) ), "" ) -> 6 | D103: SPI | E103: SPI_C_MI | F103: =IF(E103<>"","Yes","No") -> Yes | J103: =IFERROR(VALUE(SUBSTITUTE(SUBSTITUTE(A103,"GPIO",""),"号","")),"") -> 101
A104: GPIO102 | B104: SPIC_CLK | C104: =IFERROR( INDEX(Sheet1!$B$1:$N$1, MATCH(B104, INDEX(Sheet1!$B$2:$N$170, MATCH($A104,Sheet1!$A$2:$A$170,0), 0 ), 0 ) ), "" ) -> 6 | D104: SPI | E104: SPI_C_CK | F104: =IF(E104<>"","Yes","No") -> Yes | J104: =IFERROR(VALUE(SUBSTITUTE(SUBSTITUTE(A104,"GPIO",""),"号","")),"") -> 102
A105: GPIO103 | B105: SPIC_STEn | C105: =IFERROR( INDEX(Sheet1!$B$1:$N$1, MATCH(B105, INDEX(Sheet1!$B$2:$N$170, MATCH($A105,Sheet1!$A$2:$A$170,0), 0 ), 0 ) ), "" ) -> 6 | D105: SPI | E105: ~{SPI_C_STE} | F105: =IF(E105<>"","Yes","No") -> Yes | J105: =IFERROR(VALUE(SUBSTITUTE(SUBSTITUTE(A105,"GPIO",""),"号","")),"") -> 103
A106: GPIO104 | B106: SCID_TX | C106: =IFERROR( INDEX(Sheet1!$B$1:$N$1, MATCH(B106, INDEX(Sheet1!$B$2:$N$170, MATCH($A106,Sheet1!$A$2:$A$170,0), 0 ), 0 ) ), "" ) -> 6 | D106: SCI | E106: MCU_485D_4 | F106: =IF(E106<>"","Yes","No") -> Yes | J106: =IFERROR(VALUE(SUBSTITUTE(SUBSTITUTE(A106,"GPIO",""),"号","")),"") -> 104
A107: GPIO105 | B107: SCID_RX | C107: =IFERROR( INDEX(Sheet1!$B$1:$N$1, MATCH(B107, INDEX(Sheet1!$B$2:$N$170, MATCH($A107,Sheet1!$A$2:$A$170,0), 0 ), 0 ) ), "" ) -> 6 | D107: SCI | E107: MCU_485R_4 | F107: =IF(E107<>"","Yes","No") -> Yes | J107: =IFERROR(VALUE(SUBSTITUTE(SUBSTITUTE(A107,"GPIO",""),"号","")),"") -> 105
A108: GPIO106 | C108: =IFERROR( INDEX(Sheet1!$B$1:$N$1, MATCH(B108, INDEX(Sheet1!$B$2:$N$170, MATCH($A108,Sheet1!$A$2:$A$170,0), 0 ), 0 ) ), "" ) | D108: SCI | E108: 485_RTS_4 | F108: =IF(E108<>"","Yes","No") -> Yes | J108: =IFERROR(VALUE(SUBSTITUTE(SUBSTITUTE(A108,"GPIO",""),"号","")),"") -> 106
...

Sheet Lists
A1: PeripheralType | B1: Direction | C1: IOType | D1: Pull | E1: InitialState | F1: UsedFlag | G1: SafetyLevel | I1: 说明 / Notes
A2: GPIO | B2: Input | C2: Digital | D2: None | E2: Low | F2: Yes | G2: Normal | I2: 此工作簿为 TMS320F28377D PTP-176 封装 PinMap 模板。PinMap 页第 2~177 行已预填封装引脚号 1~176，其它信息请参考 TI Datasheet Table 5-1 手工补充 MCU 引脚名等。
A3: ADC | B3: Output | C3: Analog | D3: Pull-up | E3: High | F3: No | G3: Critical
A4: PWM | B4: Bidirectional | C4: Power | D4: Pull-down | E4: Hi-Z | G4: Safety-related
A5: eQEP | B5: Analog Input | C5: Ground | D5: External | E5: Don't care | G5: Debug only
A6: UNUSED | B6: Analog Output | C6: Clock
A7: SPI | C7: Test/JTAG
A8: I2C
A9: SCI
A10: CAN
A11: EtherCAT
A12: Hall
A13: XCLKIN
A14: CLB
A15: LED
A16: SDFM
A17: Other

Sheet Sheet1
A1: GPIO (0,4,8,12) | B1: 1 | C1: 2 | D1: 3 | E1: 5 | F1: 6 | G1: 7 | H1: 9 | I1: 10 | J1: 11 | K1: 13 | L1: 14 | M1: 15 | N1: ALT
A2: GPIO0 | B2: EPWM1A | F2: I2CA_SDA | H2: CM-I2CA_SDA | I2: ESC_GPI0 | K2: FSITXA_D0
A3: GPIO1 | B3: EPWM1B | D3: MFSRB | F3: I2CA_SCL | H3: CM-I2CA_SCL | I3: ESC_GPI1 | K3: FSITXA_D1
A4: GPIO2 | B4: EPWM2A | E4: OUTPUTXBAR1 | F4: I2CB_SDA | I4: ESC_GPI2 | K4: FSITXA_CLK
A5: GPIO3 | B5: EPWM2B | C5: OUTPUTXBAR2 | D5: MCLKRB | E5: OUTPUTXBAR2 | F5: I2CB_SCL | I5: ESC_GPI3 | K5: FSIRXA_D0
A6: GPIO4 | B6: EPWM3A | E6: OUTPUTXBAR3 | F6: CANA_TX | H6: MCAN_TX | I6: ESC_GPI4 | K6: FSIRXA_D1
A7: GPIO5 | B7: EPWM3B | C7: MFSRA | D7: OUTPUTXBAR3 | F7: CANA_RX | H7: MCAN_RX | I7: ESC_GPI5 | K7: FSIRXA_CLK
A8: GPIO6 | B8: EPWM4A | C8: OUTPUTXBAR4 | D8: EXTSYNCOUT | E8: EQEP3_A | F8: CANB_TX | I8: ESC_GPI6 | K8: FSITXB_D0
A9: GPIO7 | B9: EPWM4B | C9: MCLKRA | D9: OUTPUTXBAR5 | E9: EQEP3_B | F9: CANB_RX | I9: ESC_GPI7 | K9: FSITXB_D1
A10: GPIO8 | B10: EPWM5A | C10: CANB_TX | D10: ADCSOCAO | E10: EQEP3_STROBE | F10: SCIA_TX | H10: MCAN_TX | I10: ESC_GPO0 | K10: FSITXB_CLK | L10: FSITXA_D1 | M10: FSIRXA_D0
A11: GPIO9 | B11: EPWM5B | C11: SCIB_TX | D11: OUTPUTXBAR6 | E11: EQEP3_INDEX | F11: SCIA_RX | I11: ESC_GPO1 | K11: FSIRXB_D0 | L11: FSITXA_D0 | M11: FSIRXA_CLK
A12: GPIO10 | B12: EPWM6A | C12: CANB_RX | D12: ADCSOCBO | E12: EQEP1_A | F12: SCIB_TX | H12: MCAN_RX | I12: ESC_GPO2 | K12: FSIRXB_D1 | L12: FSITXA_CLK | M12: FSIRXA_D1
A13: GPIO11 | B13: EPWM6B | C13: SCIB_RX | D13: OUTPUTXBAR7 | E13: EQEP1_B | F13: SCIB_RX | I13: ESC_GPO3 | K13: FSIRXB_CLK | L13: FSIRXA_D1
A14: GPIO12 | B14: EPWM7A | C14: CANB_TX | D14: MDXB | E14: EQEP1_STROBE | F14: SCIC_TX | I14: ESC_GPO4 | K14: FSIRXC_D0 | L14: FSIRXA_D0
A15: GPIO13 | B15: EPWM7B | C15: CANB_RX | D15: MDRB | E15: EQEP1_INDEX | F15: SCIC_RX | I15: ESC_GPO5 | K15: FSIRXC_D1 | L15: FSIRXA_CLK
A16: GPIO14 | B16: EPWM8A | C16: SCIB_TX | D16: MCLKXB | F16: OUTPUTXBAR3 | I16: ESC_GPO6 | K16: FSIRXC_CLK
A17: GPIO15 | B17: EPWM8B | C17: SCIB_RX | D17: MFSXB | F17: OUTPUTXBAR4 | I17: ESC_GPO7 | K17: FSIRXD_D0
A18: GPIO16 | B18: SPIA_SIMO | C18: CANB_TX | D18: OUTPUTXBAR7 | E18: EPWM9A | G18: SD1_D1 | J18: SSIA_TX | K18: FSIRXD_D1
A19: GPIO17 | B19: SPIA_SOMI | C19: CANB_RX | D19: OUTPUTXBAR8 | E19: EPWM9B | G19: SD1_C1 | J19: SSIA_RX | K19: FSIRXD_CLK
A20: GPIO18 | B20: SPIA_CLK | C20: SCIB_TX | D20: CANA_RX | E20: EPWM10A | G20: SD1_D2 | H20: MCAN_RX | I20: EMIF1_CS2n | J20: SSIA_CLK | K20: FSIRXE_D0
A21: GPIO19 | B21: SPIA_STEn | C21: SCIB_RX | D21: CANA_TX | E21: EPWM10B | G21: SD1_C2 | H21: MCAN_TX | I21: EMIF1_CS3n | J21: SSIA_FSS | K21: FSIRXE_D1
A22: GPIO20 | B22: EQEP1_A | C22: MDXA | D22: CANB_TX | E22: EPWM11A | G22: SD1_D3 | I22: EMIF1_BA0 | J22: TRACE_DATA0 | K22: FSIRXE_CLK | L22: SPIC_SIMO
A23: GPIO21 | B23: EQEP1_B | C23: MDRA | D23: CANB_RX | E23: EPWM11B | G23: SD1_C3 | I23: EMIF1_BA1 | J23: TRACE_DATA1 | K23: FSIRXF_D0 | L23: SPIC_SOMI
A24: GPIO22 | B24: EQEP1_STROBE | C24: MCLKXA | D24: SCIB_TX | E24: EPWM12A | F24: SPIB_CLK | G24: SD1_D4 | H24: MCAN_TX | I24: EMIF1_RAS | J24: TRACE_DATA2 | K24: FSIRXF_D1 | L24: SPIC_CLK
A25: GPIO23 | B25: EQEP1_INDEX | C25: MFSXA | D25: SCIB_RX | E25: EPWM12B | F25: SPIB_STEn | G25: SD1_C4 | H25: MCAN_RX | I25: EMIF1_CAS | J25: TRACE_DATA3 | K25: FSIRXF_CLK | L25: SPIC_STEn
A26: GPIO24 | B26: OUTPUTXBAR1 | C26: EQEP2_A | D26: MDXB | F26: SPIB_SIMO | G26: SD2_D1 | H26: PMBUSA_SCL | I26: EMIF1_DQM0 | J26: TRACE_CLK | K26: EPWM13A | M26: FSIRXG_D0
A27: GPIO25 | B27: OUTPUTXBAR2 | C27: EQEP2_B | D27: MDRB | F27: SPIB_SOMI | G27: SD2_C1 | H27: PMBUSA_SDA | I27: EMIF1_DQM1 | J27: TRACE_SWO | K27: EPWM13B | L27: FSITXA_D1 | M27: FSIRXG_D1
A28: GPIO26 | B28: OUTPUTXBAR3 | C28: EQEP2_INDEX | D28: MCLKXB | E28: OUTPUTXBAR3 | F28: SPIB_CLK | G28: SD2_D2 | H28: PMBUSA_ALERT | I28: EMIF1_DQM2 | J28: ESC_MDIO_CLK | K28: EPWM14A | L28: FSITXA_D0 | M28: FSIRXG_CLK
A29: GPIO27 | B29: OUTPUTXBAR4 | C29: EQEP2_STROBE | D29: MFSXB | E29: OUTPUTXBAR4 | F29: SPIB_STEn | G29: SD2_C2 | H29: PMBUSA_CTL | I29: EMIF1_DQM3 | J29: ESC_MDIO_DATA | K29: EPWM14B | L29: FSITXA_CLK | M29: FSIRXH_D0
A30: GPIO28 | B30: SCIA_RX | C30: EMIF1_CS4n | E30: OUTPUTXBAR5 | F30: EQEP3_A | G30: SD2_D3 | H30: EMIF1_CS2n | K30: EPWM15A | M30: FSIRXH_D1
A31: GPIO29 | B31: SCIA_TX | C31: EMIF1_SDCKE | E31: OUTPUTXBAR6 | F31: EQEP3_B | G31: SD2_C3 | H31: EMIF1_CS3n | I31: ESC_LATCH0 | J31: ESC_I2C_SDA | K31: EPWM15B | L31: ESC_SYNC0 | M31: FSIRXH_CLK
A32: GPIO30 | B32: CANA_RX | C32: EMIF1_CLK | D32: MCAN_RX | E32: OUTPUTXBAR7 | F32: EQEP3_STROBE | G32: SD2_D4 | H32: EMIF1_CS4n | I32: ESC_LATCH1 | J32: ESC_I2C_SCL | K32: EPWM16A | L32: ESC_SYNC1 | M32: SPID_SIMO
A33: GPIO31 | B33: CANA_TX | C33: EMIF1_WEn | D33: MCAN_TX | E33: OUTPUTXBAR8 | F33: EQEP3_INDEX | G33: SD2_C4 | H33: EMIF1_RNW | I33: I2CA_SDA | J33: CM-I2CA_SDA | K33: EPWM16B | M33: SPID_SOMI
A34: GPIO32 | B34: I2CA_SDA | C34: EMIF1_CS0n | D34: SPIA_SIMO | G34: CLB_OUTPUTXBAR1 | H34: EMIF1_OEn | I34: I2CA_SCL | J34: CM-I2CA_SCL | M34: SPID_CLK
A35: GPIO33 | B35: I2CA_SCL | C35: EMIF1_RNW | D35: SPIA_SOMI | G35: CLB_OUTPUTXBAR2 | H35: EMIF1_BA0 | M35: SPID_STEn
A36: GPIO34 | B36: OUTPUTXBAR1 | C36: EMIF1_CS2n | D36: SPIA_CLK | F36: I2CB_SDA | G36: CLB_OUTPUTXBAR3 | H36: EMIF1_BA1 | I36: ESC_LATCH0 | J36: ENET_MII_CRS | K36: SCIA_TX | L36: ESC_SYNC0
A37: GPIO35 | B37: SCIA_RX | C37: EMIF1_CS3n | D37: SPIA_STEn | F37: I2CB_SCL | G37: CLB_OUTPUTXBAR4 | H37: EMIF1_A0 | I37: ESC_LATCH1 | J37: ENET_MII_COL | L37: ESC_SYNC1
A38: GPIO36 | B38: SCIA_TX | C38: EMIF1_WAIT | F38: CANA_RX | G38: CLB_OUTPUTXBAR5 | H38: EMIF1_A1 | I38: MCAN_RX | K38: SD1_D1
A39: GPIO37 | B39: OUTPUTXBAR2 | C39: EMIF1_OEn | F39: CANA_TX | G39: CLB_OUTPUTXBAR6 | H39: EMIF1_A2 | I39: MCAN_TX | K39: SD1_D2
A40: GPIO38 | C40: EMIF1_A0 | E40: SCIC_TX | F40: CANB_TX | G40: CLB_OUTPUTXBAR7 | H40: EMIF1_A3 | I40: ENET_MII_RX_DV | J40: ENET_MII_CRS | K40: SD1_D3
A41: GPIO39 | C41: EMIF1_A1 | E41: SCIC_RX | F41: CANB_RX | G41: CLB_OUTPUTXBAR8 | H41: EMIF1_A4 | I41: ENET_MII_RX_ERR | J41: ENET_MII_COL | K41: SD1_D4
A42: GPIO40 | C42: EMIF1_A2 | F42: I2CB_SDA | J42: ENET_MII_CRS | L42: ESC_I2C_SDA
A43: GPIO41 | C43: EMIF1_A3 | F43: I2CB_SCL | I43: ENET_REVMII_MDIO_RST | J43: ENET_MII_COL | L43: ESC_I2C_SCL
A44: GPIO42 | F44: I2CA_SDA | I44: ENET_MDIO_CLK | J44: UARTA_TX | M44: SCIA_TX | N44: USB0DM
A45: GPIO43 | F45: I2CA_SCL | I45: ENET_MDIO_DATA | J45: UARTA_RX | M45: SCIA_RX | N45: USB0DP
A46: GPIO44 | C46: EMIF1_A4 | J46: ENET_MII_TX_CLK | L46: ESC_TX1_CLK
A47: GPIO45 | C47: EMIF1_A5 | J47: ENET_MII_TX_EN | L47: ESC_TX1_ENA
A48: GPIO46 | C48: EMIF1_A6 | F48: SCID_RX | J48: ENET_MII_TX_ERR | L48: ESC_MDIO_CLK
A49: GPIO47 | C49: EMIF1_A7 | F49: SCID_TX | J49: ENET_PPS0 | L49: ESC_MDIO_DATA
A50: GPIO48 | B50: OUTPUTXBAR3 | C50: EMIF1_A8 | F50: SCIA_TX | G50: SD1_D1 | J50: ENET_PPS1 | L50: ESC_PHY_CLK
A51: GPIO49 | B51: OUTPUTXBAR4 | C51: EMIF1_A9 | F51: SCIA_RX | G51: SD1_C1 | H51: EMIF1_A5 | J51: ENET_MII_RX_CLK | K51: SD2_D1 | L51: FSITXA_D0
A52: GPIO50 | B52: EQEP1_A | C52: EMIF1_A10 | F52: SPIC_SIMO | G52: SD1_D2 | H52: EMIF1_A6 | J52: ENET_MII_RX_DV | K52: SD2_D2 | L52: FSITXA_D1
A53: GPIO51 | B53: EQEP1_B | C53: EMIF1_A11 | F53: SPIC_SOMI | G53: SD1_C2 | H53: EMIF1_A7 | J53: ENET_MII_RX_ERR | K53: SD2_D3 | L53: FSITXA_CLK
A54: GPIO52 | B54: EQEP1_STROBE | C54: EMIF1_A12 | F54: SPIC_CLK | G54: SD1_D3 | H54: EMIF1_A8 | J54: ENET_MII_RX_DATA0 | K54: SD2_D4 | L54: FSIRXA_D0
A55: GPIO53 | B55: EQEP1_INDEX | C55: EMIF1_D31 | D55: EMIF2_D15 | F55: SPIC_STEn | G55: SD1_C3 | H55: EMIF1_A9 | J55: ENET_MII_RX_DATA1 | K55: SD1_C1 | L55: FSIRXA_D1
A56: GPIO54 | B56: SPIA_SIMO | C56: EMIF1_D30 | D56: EMIF2_D14 | E56: EQEP2_A | F56: SCIB_TX | G56: SD1_D4 | H56: EMIF1_A10 | J56: ENET_MII_RX_DATA2 | K56: SD1_C2 | L56: FSIRXA_CLK | M56: SSIA_TX
A57: GPIO55 | B57: SPIA_SOMI | C57: EMIF1_D29 | D57: EMIF2_D13 | E57: EQEP2_B | F57: SCIB_RX | G57: SD1_C4 | H57: EMIF1_D0 | J57: ENET_MII_RX_DATA3 | K57: SD1_C3 | L57: FSITXB_D0 | M57: SSIA_RX
A58: GPIO56 | B58: SPIA_CLK | C58: EMIF1_D28 | D58: EMIF2_D12 | E58: EQEP2_STROBE | F58: SCIC_TX | G58: SD2_D1 | H58: EMIF1_D1 | I58: I2CA_SDA | J58: ENET_MII_TX_EN | K58: SD1_C4 | L58: FSITXB_CLK | M58: SSIA_CLK
A59: GPIO57 | B59: SPIA_STEn | C59: EMIF1_D27 | D59: EMIF2_D11 | E59: EQEP2_INDEX | F59: SCIC_RX | G59: SD2_C1 | H59: EMIF1_D2 | I59: I2CA_SCL | J59: ENET_MII_TX_ERR | L59: FSITXB_D1 | M59: SSIA_FSS
A60: GPIO58 | B60: MCLKRA | C60: EMIF1_D26 | D60: EMIF2_D10 | E60: OUTPUTXBAR1 | F60: SPIB_CLK | G60: SD2_D2 | H60: EMIF1_D3 | I60: ESC_LED_LINK0_ACTIVE | J60: ENET_MII_TX_CLK | K60: SD2_C2 | L60: FSIRXB_D0 | M60: SPIA_SIMO
A61: GPIO59 | B61: MFSRA | C61: EMIF1_D25 | D61: EMIF2_D9 | E61: OUTPUTXBAR2 | F61: SPIB_STEn | G61: SD2_C2 | H61: EMIF1_D4 | I61: ESC_LED_LINK1_ACTIVE | J61: ENET_MII_TX_DATA0 | K61: SD2_C3 | L61: FSIRXB_D1 | M61: SPIA_SOMI
A62: GPIO60 | B62: MCLKRB | C62: EMIF1_D24 | D62: EMIF2_D8 | E62: OUTPUTXBAR3 | F62: SPIB_SIMO | G62: SD2_D3 | H62: EMIF1_D5 | I62: ESC_LED_ERR | J62: ENET_MII_TX_DATA1 | K62: SD2_C4 | L62: FSIRXB_CLK | M62: SPIA_CLK
A63: GPIO61 | B63: MFSRB | C63: EMIF1_D23 | D63: EMIF2_D7 | E63: OUTPUTXBAR4 | F63: SPIB_SOMI | G63: SD2_C3 | H63: EMIF1_D6 | I63: ESC_LED_RUN | J63: ENET_MII_TX_DATA2 | L63: CANA_RX | M63: SPIA_STEn
A64: GPIO62 | B64: SCIC_RX | C64: EMIF1_D22 | D64: EMIF2_D6 | E64: EQEP3_A | F64: CANA_RX | G64: SD2_D4 | H64: EMIF1_D7 | I64: ESC_LED_STATE_RUN | J64: ENET_MII_TX_DATA3 | L64: CANA_TX
A65: GPIO63 | B65: SCIC_TX | C65: EMIF1_D21 | D65: EMIF2_D5 | E65: EQEP3_B | F65: CANA_TX | G65: SD2_C4 | H65: SSIA_TX | J65: ENET_MII_RX_DATA0 | K65: SD1_D1 | L65: ESC_RX1_DATA0 | M65: SPIB_SIMO
A66: GPIO64 | C66: EMIF1_D20 | D66: EMIF2_D4 | E66: EQEP3_STROBE | F66: SCIA_RX | H66: SSIA_RX | I66: ENET_MII_RX_DV | J66: ENET_MII_RX_DATA1 | K66: SD1_C1 | L66: ESC_RX1_DATA1 | M66: SPIB_SOMI
A67: GPIO65 | C67: EMIF1_D19 | D67: EMIF2_D3 | E67: EQEP3_INDEX | F67: SCIA_TX | H67: SSIA_CLK | I67: ENET_MII_RX_ERR | J67: ENET_MII_RX_DATA2 | K67: SD1_D2 | L67: ESC_RX1_DATA2 | M67: SPIB_CLK
A68: GPIO66 | C68: EMIF1_D18 | D68: EMIF2_D2 | F68: I2CB_SDA | H68: SSIA_FSS | I68: ENET_MII_RX_DATA0 | J68: ENET_MII_RX_DATA3 | K68: SD1_C2 | L68: ESC_RX1_DATA3 | M68: SPIB_STEn
A69: GPIO67 | C69: EMIF1_D17 | D69: EMIF2_D1 | I69: ENET_MII_RX_CLK | J69: ENET_REVMII_MDIO_RST | K69: SD1_D3
A70: GPIO68 | C70: EMIF1_D16 | D70: EMIF2_D0 | J70: ENET_MII_INTR | K70: SD1_C3 | L70: ESC_PHY1_LINKSTATUS
A71: GPIO69 | C71: EMIF1_D15 | F71: I2CB_SCL | I71: ENET_MII_TX_EN | J71: ENET_MII_RX_CLK | K71: SD1_D4 | L71: ESC_RX1_CLK | M71: SPIC_SIMO
A72: GPIO70 | C72: EMIF1_D14 | E72: CANA_RX | F72: SCIB_TX | H72: MCAN_RX | J72: ENET_MII_RX_DV | K72: SD1_C4 | L72: ESC_RX1_DV | M72: SPIC_SOMI
A73: GPIO71 | C73: EMIF1_D13 | E73: CANA_TX | F73: SCIB_RX | H73: MCAN_TX | I73: ENET_MII_RX_DATA0 | J73: ENET_MII_RX_ERR | L73: ESC_RX1_ERR | M73: SPIC_CLK
A74: GPIO72 | C74: EMIF1_D12 | E74: CANB_TX | F74: SCIC_TX | I74: ENET_MII_RX_DATA1 | J74: ENET_MII_TX_DATA3 | L74: ESC_TX1_DATA3 | M74: SPIC_STEn
A75: GPIO73 | C75: EMIF1_D11 | D75: XCLKOUT | E75: CANB_RX | F75: SCIC_RX | I75: ENET_RMII_CLK | J75: ENET_MII_TX_DATA2 | K75: SD2_D2 | L75: ESC_TX1_DATA2
A76: GPIO74 | C76: EMIF1_D10 | H76: MCAN_TX | J76: ENET_MII_TX_DATA1 | K76: SD2_C2 | L76: ESC_TX1_DATA1
A77: GPIO75 | C77: EMIF1_D9 | H77: MCAN_RX | J77: ENET_MII_TX_DATA0 | K77: SD2_D3 | L77: ESC_TX1_DATA0
A78: GPIO76 | C78: EMIF1_D8 | F78: SCID_TX | I78: ENET_MII_RX_ERR | K78: SD2_C3 | L78: ESC_PHY_RESETn
A79: GPIO77 | C79: EMIF1_D7 | F79: SCID_RX | K79: SD2_D4 | L79: ESC_RX0_CLK
A80: GPIO78 | C80: EMIF1_D6 | F80: EQEP2_A | K80: SD2_C4 | L80: ESC_RX0_DV
A81: GPIO79 | C81: EMIF1_D5 | F81: EQEP2_B | K81: SD2_D1 | L81: ESC_RX0_ERR
A82: GPIO80 | C82: EMIF1_D4 | F82: EQEP2_STROBE | K82: SD2_C1 | L82: ESC_RX0_DATA0
A83: GPIO81 | C83: EMIF1_D3 | F83: EQEP2_INDEX | L83: ESC_RX0_DATA1
A84: GPIO82 | C84: EMIF1_D2 | L84: ESC_RX0_DATA2
A85: GPIO83 | C85: EMIF1_D1 | L85: ESC_RX0_DATA3
A86: GPIO84 | E86: SCIA_TX | F86: MDXB | J86: UARTA_TX | L86: ESC_TX0_ENA | M86: MDXA
A87: GPIO85 | C87: EMIF1_D0 | E87: SCIA_RX | F87: MDRB | J87: UARTA_RX | L87: ESC_TX0_CLK | M87: MDRA
A88: GPIO86 | C88: EMIF1_A13 | D88: EMIF1_CAS | E88: SCIB_TX | F88: MCLKXB | L88: ESC_PHY0_LINKSTATUS | M88: MCLKXA
A89: GPIO87 | C89: EMIF1_A14 | D89: EMIF1_RAS | E89: SCIB_RX | F89: MFSXB | H89: EMIF1_DQM3 | L89: ESC_TX0_DATA0 | M89: MFSXA
A90: GPIO88 | C90: EMIF1_A15 | D90: EMIF1_DQM0 | H90: EMIF1_DQM1 | L90: ESC_TX0_DATA1
A91: GPIO89 | C91: EMIF1_A16 | D91: EMIF1_DQM1 | F91: SCIC_TX | H91: EMIF1_CAS | L91: ESC_TX0_DATA2
A92: GPIO90 | C92: EMIF1_A17 | D92: EMIF1_DQM2 | F92: SCIC_RX | H92: EMIF1_RAS | L92: ESC_TX0_DATA3
A93: GPIO91 | C93: EMIF1_A18 | D93: EMIF1_DQM3 | F93: I2CA_SDA | H93: EMIF1_DQM2 | I93: PMBUSA_SCL | J93: SSIA_TX | K93: FSIRXF_D0 | L93: CLB_OUTPUTXBAR1 | M93: SPID_SIMO
A94: GPIO92 | C94: EMIF1_A19 | D94: EMIF1_BA1 | F94: I2CA_SCL | H94: EMIF1_DQM0 | I94: PMBUSA_SDA | J94: SSIA_RX | K94: FSIRXF_D1 | L94: CLB_OUTPUTXBAR2 | M94: SPID_SOMI
A95: GPIO93 | D95: EMIF1_BA0 | F95: SCID_TX | I95: PMBUSA_ALERT | J95: SSIA_CLK | K95: FSIRXF_CLK | L95: CLB_OUTPUTXBAR3 | M95: SPID_CLK
A96: GPIO94 | F96: SCID_RX | H96: EMIF1_BA1 | I96: PMBUSA_CTL | J96: SSIA_FSS | K96: FSIRXG_D0 | L96: CLB_OUTPUTXBAR4 | M96: SPID_STEn
A97: GPIO95 | D97: EMIF2_A12 | K97: FSIRXG_D1 | L97: CLB_OUTPUTXBAR5
A98: GPIO96 | D98: EMIF2_DQM1 | E98: EQEP1_A | K98: FSIRXG_CLK | L98: CLB_OUTPUTXBAR6
A99: GPIO97 | D99: EMIF2_DQM0 | E99: EQEP1_B | K99: FSIRXH_D0 | L99: CLB_OUTPUTXBAR7
A100: GPIO98 | D100: EMIF2_A0 | E100: EQEP1_STROBE | K100: FSIRXH_D1 | L100: CLB_OUTPUTXBAR8
...
